,,,,,,,0
0.01,0,3,0,0.5,100,0.7,0.6470536853174783
0.01,0,3,0,0.5,100,1.0,0.6568383445446269
0.01,0,3,0,0.5,200,0.7,0.6509722152591575
0.01,0,3,0,0.5,200,1.0,0.6514935431777131
0.01,0,3,0,0.5,400,0.7,0.6550024088001947
0.01,0,3,0,0.5,400,1.0,0.6543987073782256
0.01,0,3,0,1.0,100,0.7,0.6479957361574711
0.01,0,3,0,1.0,100,1.0,0.6548370824808629
0.01,0,3,0,1.0,200,0.7,0.6531448797391781
0.01,0,3,0,1.0,200,1.0,0.6528407997194838
0.01,0,3,0,1.0,400,0.7,0.6576012929860728
0.01,0,3,0,1.0,400,1.0,0.6529552426262867
0.01,0,3,5,0.5,100,0.7,0.6474655496316158
0.01,0,3,5,0.5,100,1.0,0.657613969067818
0.01,0,3,5,0.5,200,0.7,0.6529541426288167
0.01,0,3,5,0.5,200,1.0,0.6501634213351071
0.01,0,3,5,0.5,400,0.7,0.6546226138894465
0.01,0,3,5,0.5,400,1.0,0.6536684076526738
0.01,0,3,5,1.0,100,0.7,0.6495176951079087
0.01,0,3,5,1.0,100,1.0,0.6545518164703081
0.01,0,3,5,1.0,200,0.7,0.654430776781615
0.01,0,3,5,1.0,200,1.0,0.6538242960522012
0.01,0,3,5,1.0,400,0.7,0.6572375327770194
0.01,0,3,5,1.0,400,1.0,0.6540653372625866
0.01,0,3,20,0.5,100,0.7,0.6468004887103128
0.01,0,3,20,0.5,100,1.0,0.6577886714764848
0.01,0,3,20,0.5,200,0.7,0.6518611826916814
0.01,0,3,20,0.5,200,1.0,0.6531951838392023
0.01,0,3,20,0.5,400,0.7,0.653765715860312
0.01,0,3,20,0.5,400,1.0,0.6531299450349535
0.01,0,3,20,1.0,100,0.7,0.6510689441542908
0.01,0,3,20,1.0,100,1.0,0.6535694201350609
0.01,0,3,20,1.0,200,0.7,0.6531940838417323
0.01,0,3,20,1.0,200,1.0,0.6533963970363689
0.01,0,3,20,1.0,400,0.7,0.6559223456386379
0.01,0,3,20,1.0,400,1.0,0.6573613517731574
0.01,0,6,0,0.5,100,0.7,0.6532609433284162
0.01,0,6,0,0.5,100,1.0,0.6591492452429747
0.01,0,6,0,0.5,200,0.7,0.6499245801196615
0.01,0,6,0,0.5,200,1.0,0.6525787477079485
0.01,0,6,0,0.5,400,0.7,0.6530829409273394
0.01,0,6,0,0.5,400,1.0,0.6511198275668196
0.01,0,6,0,1.0,100,0.7,0.6520049156944288
0.01,0,6,0,1.0,100,1.0,0.6622688780349038
0.01,0,6,0,1.0,200,0.7,0.6542400396712534
0.01,0,6,0,1.0,200,1.0,0.6581154448102333
0.01,0,6,0,1.0,400,0.7,0.6481853732703626
0.01,0,6,0,1.0,400,1.0,0.6480283262458257
0.01,0,6,5,0.5,100,0.7,0.6511358622685144
0.01,0,6,5,0.5,100,1.0,0.6586058033228697
0.01,0,6,5,0.5,200,0.7,0.6494176075928257
0.01,0,6,5,0.5,200,1.0,0.6527551294265901
0.01,0,6,5,0.5,400,0.7,0.6578273994922337
0.01,0,6,5,0.5,400,1.0,0.6469044555303106
0.01,0,6,5,1.0,100,0.7,0.6513741241714551
0.01,0,6,5,1.0,100,1.0,0.658874455319225
0.01,0,6,5,1.0,200,0.7,0.656035109235466
0.01,0,6,5,1.0,200,1.0,0.6587456570207022
0.01,0,6,5,1.0,400,0.7,0.6499096454154368
0.01,0,6,5,1.0,400,1.0,0.6555613061094897
0.01,0,6,20,0.5,100,0.7,0.6546237138869165
0.01,0,6,20,0.5,100,1.0,0.6556365003155783
0.01,0,6,20,0.5,200,0.7,0.652151428004621
0.01,0,6,20,0.5,200,1.0,0.6559267456285179
0.01,0,6,20,0.5,400,0.7,0.6553888623233024
0.01,0,6,20,0.5,400,1.0,0.6554949673077709
0.01,0,6,20,1.0,100,0.7,0.6488985382967497
0.01,0,6,20,1.0,100,1.0,0.6610952239043297
0.01,0,6,20,1.0,200,0.7,0.6593339030534814
0.01,0,6,20,1.0,200,1.0,0.6598668070563121
0.01,0,6,20,1.0,400,0.7,0.6553822037109429
0.01,0,6,20,1.0,400,1.0,0.6568560585562964
0.01,0,10,0,0.5,100,0.7,0.6488803068030448
0.01,0,10,0,0.5,100,1.0,0.6493761621001013
0.01,0,10,0,0.5,200,0.7,0.6470465092230833
0.01,0,10,0,0.5,200,1.0,0.6541195206675255
0.01,0,10,0,0.5,400,0.7,0.6516782041911495
0.01,0,10,0,0.5,400,1.0,0.6493739621051612
0.01,0,10,0,1.0,100,0.7,0.6451265206652628
0.01,0,10,0,1.0,100,1.0,0.6440816648332115
0.01,0,10,0,1.0,200,0.7,0.6516240207862106
0.01,0,10,0,1.0,200,1.0,0.64499882236421
0.01,0,10,0,1.0,400,0.7,0.6544672461748844
0.01,0,10,0,1.0,400,1.0,0.6501252758347925
0.01,0,10,5,0.5,100,0.7,0.6482334773754467
0.01,0,10,5,0.5,100,1.0,0.655049933592774
0.01,0,10,5,0.5,200,0.7,0.6528640137185033
0.01,0,10,5,0.5,200,1.0,0.6526296311204773
0.01,0,10,5,0.5,400,0.7,0.6482185426712219
0.01,0,10,5,0.5,400,1.0,0.6478531031521937
0.01,0,10,5,1.0,100,0.7,0.6420333986618335
0.01,0,10,5,1.0,100,1.0,0.6483539995821043
0.01,0,10,5,1.0,200,0.7,0.6590491577278917
0.01,0,10,5,1.0,200,1.0,0.6494878843269988
0.01,0,10,5,1.0,400,0.7,0.6544528907831645
0.01,0,10,5,1.0,400,1.0,0.6476856386683912
0.01,0,10,20,0.5,100,0.7,0.6526777352255614
0.01,0,10,20,0.5,100,1.0,0.6577289912871256
0.01,0,10,20,0.5,200,0.7,0.653433445742143
0.01,0,10,20,0.5,200,1.0,0.6549675600893605
0.01,0,10,20,0.5,400,0.7,0.6515505058900968
0.01,0,10,20,0.5,400,1.0,0.6496901975216355
0.01,0,10,20,1.0,100,0.7,0.6556055309096589
0.01,0,10,20,1.0,100,1.0,0.6552539260973854
0.01,0,10,20,1.0,200,0.7,0.6521939734948156
0.01,0,10,20,1.0,200,1.0,0.6505006707556606
0.01,0,10,20,1.0,400,0.7,0.6488863828999698
0.01,0,10,20,1.0,400,1.0,0.6578904383015425
0.01,1,3,0,0.5,100,0.7,0.6470536853174783
0.01,1,3,0,0.5,100,1.0,0.6568383445446269
0.01,1,3,0,0.5,200,0.7,0.6509722152591575
0.01,1,3,0,0.5,200,1.0,0.6514935431777131
0.01,1,3,0,0.5,400,0.7,0.6551450418054721
0.01,1,3,0,0.5,400,1.0,0.6545253056818083
0.01,1,3,0,1.0,100,0.7,0.6479957361574711
0.01,1,3,0,1.0,100,1.0,0.6548370824808629
0.01,1,3,0,1.0,200,0.7,0.6531448797391781
0.01,1,3,0,1.0,200,1.0,0.6528407997194838
0.01,1,3,0,1.0,400,0.7,0.6574746946824901
0.01,1,3,0,1.0,400,1.0,0.6532084392334522
0.01,1,3,5,0.5,100,0.7,0.6474655496316158
0.01,1,3,5,0.5,100,1.0,0.657613969067818
0.01,1,3,5,0.5,200,0.7,0.6529541426288167
0.01,1,3,5,0.5,200,1.0,0.6501634213351071
0.01,1,3,5,0.5,400,0.7,0.6547652468947239
0.01,1,3,5,0.5,400,1.0,0.6536684076526738
0.01,1,3,5,1.0,100,0.7,0.6495176951079087
0.01,1,3,5,1.0,100,1.0,0.6545518164703081
0.01,1,3,5,1.0,200,0.7,0.654430776781615
0.01,1,3,5,1.0,200,1.0,0.6538242960522012
0.01,1,3,5,1.0,400,0.7,0.6574907293841848
0.01,1,3,5,1.0,400,1.0,0.6540653372625866
0.01,1,3,20,0.5,100,0.7,0.6468004887103128
0.01,1,3,20,0.5,100,1.0,0.6577886714764848
0.01,1,3,20,0.5,200,0.7,0.6518611826916814
0.01,1,3,20,0.5,200,1.0,0.6531951838392023
0.01,1,3,20,0.5,400,0.7,0.6533538515461743
0.01,1,3,20,0.5,400,1.0,0.6531299450349535
0.01,1,3,20,1.0,100,0.7,0.6510689441542908
0.01,1,3,20,1.0,100,1.0,0.6535694201350609
0.01,1,3,20,1.0,200,0.7,0.6531940838417323
0.01,1,3,20,1.0,200,1.0,0.6533963970363689
0.01,1,3,20,1.0,400,0.7,0.6559223456386379
0.01,1,3,20,1.0,400,1.0,0.6573613517731574
0.01,1,6,0,0.5,100,0.7,0.6525466783045591
0.01,1,6,0,0.5,100,1.0,0.656864917163596
0.01,1,6,0,0.5,200,0.7,0.6511330829610696
0.01,1,6,0,0.5,200,1.0,0.6513249200689011
0.01,1,6,0,0.5,400,0.7,0.6526417865172572
0.01,1,6,0,0.5,400,1.0,0.6525632923187586
0.01,1,6,0,1.0,100,0.7,0.6524499494094258
0.01,1,6,0,1.0,100,1.0,0.6620317161294329
0.01,1,6,0,1.0,200,0.7,0.6541294760693654
0.01,1,6,0,1.0,200,1.0,0.6566067412540457
0.01,1,6,0,1.0,400,0.7,0.6443641515363215
0.01,1,6,0,1.0,400,1.0,0.6465412160062223
0.01,1,6,5,0.5,100,0.7,0.6543555825755263
0.01,1,6,5,0.5,100,1.0,0.6562429810449922
0.01,1,6,5,0.5,200,0.7,0.6511645730519542
0.01,1,6,5,0.5,200,1.0,0.6518368718981216
0.01,1,6,5,0.5,400,0.7,0.6543423271812764
0.01,1,6,5,0.5,400,1.0,0.6499605288279656
0.01,1,6,5,1.0,100,0.7,0.6496923975165755
0.01,1,6,5,1.0,100,1.0,0.6600790788557184
0.01,1,6,5,1.0,200,0.7,0.6592216601416185
0.01,1,6,5,1.0,200,1.0,0.659092282530591
0.01,1,6,5,1.0,400,0.7,0.6479907568550863
0.01,1,6,5,1.0,400,1.0,0.6523084164016184
0.01,1,6,20,0.5,100,0.7,0.6545756097818324
0.01,1,6,20,0.5,100,1.0,0.6550327988936092
0.01,1,6,20,0.5,200,0.7,0.6534975845489218
0.01,1,6,20,0.5,200,1.0,0.657811364790539
0.01,1,6,20,0.5,400,0.7,0.6550383575084988
0.01,1,6,20,0.5,400,1.0,0.655988105127852
0.01,1,6,20,1.0,100,0.7,0.6504697013497414
0.01,1,6,20,1.0,100,1.0,0.6584631703175922
0.01,1,6,20,1.0,200,0.7,0.6579866465117107
0.01,1,6,20,1.0,200,1.0,0.6597711781586487
0.01,1,6,20,1.0,400,0.7,0.6568107337586571
0.01,1,6,20,1.0,400,1.0,0.6567106462435742
0.01,1,10,0,0.5,100,0.7,0.6527120046238909
0.01,1,10,0,0.5,100,1.0,0.6500240883222396
0.01,1,10,0,0.5,200,0.7,0.6472040769325853
0.01,1,10,0,0.5,200,1.0,0.6514575976723387
0.01,1,10,0,0.5,400,0.7,0.6509307697664329
0.01,1,10,0,0.5,400,1.0,0.6458087162857304
0.01,1,10,0,1.0,100,0.7,0.6447489257494545
0.01,1,10,0,1.0,100,1.0,0.6429693702019715
0.01,1,10,0,1.0,200,0.7,0.6506548798452133
0.01,1,10,0,1.0,200,1.0,0.6406546520291782
0.01,1,10,0,1.0,400,0.7,0.6543085784679122
0.01,1,10,0,1.0,400,1.0,0.636778150095658
0.01,1,10,5,0.5,100,0.7,0.6485502334768861
0.01,1,10,5,0.5,100,1.0,0.6577953300888444
0.01,1,10,5,0.5,200,0.7,0.6555668647243793
0.01,1,10,5,0.5,200,1.0,0.6531973838341423
0.01,1,10,5,0.5,400,0.7,0.6508185268545702
0.01,1,10,5,0.5,400,1.0,0.6470299538364233
0.01,1,10,5,1.0,100,0.7,0.6486807110853836
0.01,1,10,5,1.0,100,1.0,0.6514006967904242
0.01,1,10,5,1.0,200,0.7,0.6537452225411976
0.01,1,10,5,1.0,200,1.0,0.6513304786837907
0.01,1,10,5,1.0,400,0.7,0.6566863354500143
0.01,1,10,5,1.0,400,1.0,0.6472395049559243
0.01,1,10,20,0.5,100,0.7,0.6503309476493787
0.01,1,10,20,0.5,100,1.0,0.6587749471166469
0.01,1,10,20,0.5,200,0.7,0.6509119557572935
0.01,1,10,20,0.5,200,1.0,0.6553954591051928
0.01,1,10,20,0.5,400,0.7,0.6435221882114117
0.01,1,10,20,0.5,400,1.0,0.651225411866323
0.01,1,10,20,1.0,100,0.7,0.6569583460663193
0.01,1,10,20,1.0,100,1.0,0.6563347306377407
0.01,1,10,20,1.0,200,0.7,0.653704356360978
0.01,1,10,20,1.0,200,1.0,0.6517041942946841
0.01,1,10,20,1.0,400,0.7,0.653039295439675
0.01,1,10,20,1.0,400,1.0,0.6528634930335381
0.01,5,3,0,0.5,100,0.7,0.6468004887103128
0.01,5,3,0,0.5,100,1.0,0.6568383445446269
0.01,5,3,0,0.5,200,0.7,0.6504818567465213
0.01,5,3,0,0.5,200,1.0,0.6512403465705476
0.01,5,3,0,0.5,400,0.7,0.6543052784755022
0.01,5,3,0,0.5,400,1.0,0.6532886127419256
0.01,5,3,0,1.0,100,0.7,0.6482489327646366
0.01,5,3,0,1.0,100,1.0,0.6548370824808629
0.01,5,3,0,1.0,200,0.7,0.6531780491400375
0.01,5,3,0,1.0,200,1.0,0.6529834327247613
0.01,5,3,0,1.0,400,0.7,0.656205932339218
0.01,5,3,0,1.0,400,1.0,0.652384710605177
0.01,5,3,5,0.5,100,0.7,0.6469110523122009
0.01,5,3,5,0.5,100,1.0,0.657613969067818
0.01,5,3,5,0.5,200,0.7,0.6532886127419256
0.01,5,3,5,0.5,200,1.0,0.6505592509475498
0.01,5,3,5,0.5,400,0.7,0.6537828505594766
0.01,5,3,5,0.5,400,1.0,0.6539055695581446
0.01,5,3,5,1.0,100,0.7,0.6489631977884937
0.01,5,3,5,1.0,100,1.0,0.6545518164703081
0.01,5,3,5,1.0,200,0.7,0.653367686252929
0.01,5,3,5,1.0,200,1.0,0.6539669290574786
0.01,5,3,5,1.0,400,0.7,0.6576173276877676
0.01,5,3,5,1.0,400,1.0,0.652940307922062
0.01,5,3,20,0.5,100,0.7,0.6469270870138956
0.01,5,3,20,0.5,100,1.0,0.6577886714764848
0.01,5,3,20,0.5,200,0.7,0.6509882499608521
0.01,5,3,20,0.5,200,1.0,0.6530525508339249
0.01,5,3,20,0.5,400,0.7,0.6541936148761442
0.01,5,3,20,0.5,400,1.0,0.6536363382492844
0.01,5,3,20,1.0,100,0.7,0.6510689441542908
0.01,5,3,20,1.0,100,1.0,0.6535694201350609
0.01,5,3,20,1.0,200,0.7,0.6539724876723682
0.01,5,3,20,1.0,200,1.0,0.652555533708929
0.01,5,3,20,1.0,400,0.7,0.6570296609674932
0.01,5,3,20,1.0,400,1.0,0.6572668228729639
0.01,5,6,0,0.5,100,0.7,0.6517074942870941
0.01,5,6,0,0.5,100,1.0,0.661131172612634
0.01,5,6,0,0.5,200,0.7,0.6534041556461985
0.01,5,6,0,0.5,200,1.0,0.6527534501166153
0.01,5,6,0,0.5,400,0.7,0.6478348684555589
0.01,5,6,0,0.5,400,1.0,0.649870979230157
0.01,5,6,0,1.0,100,0.7,0.6537518811535573
0.01,5,6,0,1.0,100,1.0,0.6625231746395391
0.01,5,6,0,1.0,200,0.7,0.6606020860842488
0.01,5,6,0,1.0,200,1.0,0.6574929293791248
0.01,5,6,0,1.0,400,0.7,0.6524355940177059
0.01,5,6,0,1.0,400,1.0,0.6577820746945945
0.01,5,6,5,0.5,100,0.7,0.6556586143171278
0.01,5,6,5,0.5,100,1.0,0.6613323858098006
0.01,5,6,5,0.5,200,0.7,0.6510877581634303
0.01,5,6,5,0.5,200,1.0,0.6529110178261175
0.01,5,6,5,0.5,400,0.7,0.6540399264715568
0.01,5,6,5,0.5,400,1.0,0.6530558508263349
0.01,5,6,5,1.0,100,0.7,0.6547514121879692
0.01,5,6,5,1.0,100,1.0,0.6597435087451394
0.01,5,6,5,1.0,200,0.7,0.6571120344709066
0.01,5,6,5,1.0,200,1.0,0.6571905286694053
0.01,5,6,5,1.0,400,0.7,0.6508627516547394
0.01,5,6,5,1.0,400,1.0,0.6537358464518626
0.01,5,6,20,0.5,100,0.7,0.6545606750776077
0.01,5,6,20,0.5,100,1.0,0.6557802333183257
0.01,5,6,20,0.5,200,0.7,0.653040395437145
0.01,5,6,20,0.5,200,1.0,0.6563225752409608
0.01,5,6,20,0.5,400,0.7,0.6561495521422689
0.01,5,6,20,0.5,400,1.0,0.6546380692786364
0.01,5,6,20,1.0,100,0.7,0.650992129265767
0.01,5,6,20,1.0,100,1.0,0.660301364684504
0.01,5,6,20,1.0,200,0.7,0.6606198000959181
0.01,5,6,20,1.0,200,1.0,0.6599961846673397
0.01,5,6,20,1.0,400,0.7,0.6579357630991818
0.01,5,6,20,1.0,400,1.0,0.6591857114333144
0.01,5,10,0,0.5,100,0.7,0.645109385966098
0.01,5,10,0,0.5,100,1.0,0.6606192207834134
0.01,5,10,0,0.5,200,0.7,0.652661121211362
0.01,5,10,0,0.5,200,1.0,0.649045050606942
0.01,5,10,0,0.5,400,0.7,0.6540222124598875
0.01,5,10,0,0.5,400,1.0,0.6513088853672064
0.01,5,10,0,1.0,100,0.7,0.6461072376905352
0.01,5,10,0,1.0,100,1.0,0.6509346490713478
0.01,5,10,0,1.0,200,0.7,0.663298278477765
0.01,5,10,0,1.0,200,1.0,0.6521392726078411
0.01,5,10,0,1.0,400,0.7,0.6573010922712933
0.01,5,10,0,1.0,400,1.0,0.6519435561950948
0.01,5,10,5,0.5,100,0.7,0.6475175330416147
0.01,5,10,5,0.5,100,1.0,0.6556033309147189
0.01,5,10,5,0.5,200,0.7,0.6510905374708751
0.01,5,10,5,0.5,200,1.0,0.6542770883770277
0.01,5,10,5,0.5,400,0.7,0.6505349401539902
0.01,5,10,5,0.5,400,1.0,0.6466954837233144
0.01,5,10,5,1.0,100,0.7,0.6536302621523593
0.01,5,10,5,1.0,100,1.0,0.6552920748006296
0.01,5,10,5,1.0,200,0.7,0.6545927444809971
0.01,5,10,5,1.0,200,1.0,0.6551030170002429
0.01,5,10,5,1.0,400,0.7,0.657912552303092
0.01,5,10,5,1.0,400,1.0,0.6518368718981216
0.01,5,10,20,0.5,100,0.7,0.6492180737056339
0.01,5,10,20,0.5,100,1.0,0.658379117504204
0.01,5,10,20,0.5,200,0.7,0.6495995479263569
0.01,5,10,20,0.5,200,1.0,0.6550007294902199
0.01,5,10,20,0.5,400,0.7,0.6525047121268694
0.01,5,10,20,0.5,400,1.0,0.6506897285560473
0.01,5,10,20,1.0,100,0.7,0.6514520976849886
0.01,5,10,20,1.0,100,1.0,0.6540841512717261
0.01,5,10,20,1.0,200,0.7,0.6513254993814058
0.01,5,10,20,1.0,200,1.0,0.6545430196934778
0.01,5,10,20,1.0,400,0.7,0.6539415182664488
0.01,5,10,20,1.0,400,1.0,0.6565072330514675
0.1,0,3,0,0.5,100,0.7,0.6471388381283366
0.1,0,3,0,0.5,100,1.0,0.6482539120670214
0.1,0,3,0,0.5,200,0.7,0.6460337227944214
0.1,0,3,0,0.5,200,1.0,0.6450806751826582
0.1,0,3,0,0.5,400,0.7,0.6293668510636612
0.1,0,3,0,0.5,400,1.0,0.6384283866596531
0.1,0,3,0,1.0,100,0.7,0.6488001300916415
0.1,0,3,0,1.0,100,1.0,0.648154983176948
0.1,0,3,0,1.0,200,0.7,0.6450789958726835
0.1,0,3,0,1.0,200,1.0,0.6501059411406879
0.1,0,3,0,1.0,400,0.7,0.6370451814095781
0.1,0,3,0,1.0,400,1.0,0.6391493102958697
0.1,0,3,5,0.5,100,0.7,0.6586372934137542
0.1,0,3,5,0.5,100,1.0,0.6521928734973454
0.1,0,3,5,0.5,200,0.7,0.6467375117314734
0.1,0,3,5,0.5,200,1.0,0.6464583218178436
0.1,0,3,5,0.5,400,0.7,0.6369882219001242
0.1,0,3,5,0.5,400,1.0,0.6353076538702541
0.1,0,3,5,1.0,100,0.7,0.6480289055583305
0.1,0,3,5,1.0,100,1.0,0.6489317076976091
0.1,0,3,5,1.0,200,0.7,0.6442403325401836
0.1,0,3,5,1.0,200,1.0,0.6478404270704485
0.1,0,3,5,1.0,400,0.7,0.6395230259067631
0.1,0,3,5,1.0,400,1.0,0.646963097552669
0.1,0,3,20,0.5,100,0.7,0.6492633985032732
0.1,0,3,20,0.5,100,1.0,0.6532211153151972
0.1,0,3,20,0.5,200,0.7,0.645441656084267
0.1,0,3,20,0.5,200,1.0,0.6431744627040529
0.1,0,3,20,0.5,400,0.7,0.6385300916542416
0.1,0,3,20,0.5,400,1.0,0.6328413854573441
0.1,0,3,20,1.0,100,0.7,0.6546093584951966
0.1,0,3,20,1.0,100,1.0,0.6541427314636153
0.1,0,3,20,1.0,200,0.7,0.6533262407602045
0.1,0,3,20,1.0,200,1.0,0.6468834415262311
0.1,0,3,20,1.0,400,0.7,0.6426001132084976
0.1,0,3,20,1.0,400,1.0,0.6479294591862216
0.1,0,6,0,0.5,100,0.7,0.6399769182290597
0.1,0,6,0,0.5,100,1.0,0.6405502295576142
0.1,0,6,0,0.5,200,0.7,0.6188270606324359
0.1,0,6,0,0.5,200,1.0,0.6325501051803335
0.1,0,6,0,0.5,400,0.7,0.6166616340772795
0.1,0,6,0,0.5,400,1.0,0.6220893264296422
0.1,0,6,0,1.0,100,0.7,0.6431805420039077
0.1,0,6,0,1.0,100,1.0,0.6420179464755733
0.1,0,6,0,1.0,200,0.7,0.6397325183987246
0.1,0,6,0,1.0,200,1.0,0.6397856018061935
0.1,0,6,0,1.0,400,0.7,0.6284010101150739
0.1,0,6,0,1.0,400,1.0,0.6354563075478468
0.1,0,6,5,0.5,100,0.7,0.6422108835808749
0.1,0,6,5,0.5,100,1.0,0.6445853405705669
0.1,0,6,5,0.5,200,0.7,0.6275552293157185
0.1,0,6,5,0.5,200,1.0,0.6244405107927753
0.1,0,6,5,0.5,400,0.7,0.6108103808684952
0.1,0,6,5,0.5,400,1.0,0.6246196131913221
0.1,0,6,5,1.0,100,0.7,0.6398972622026218
0.1,0,6,5,1.0,100,1.0,0.6393997275955905
0.1,0,6,5,1.0,200,0.7,0.63333510258993
0.1,0,6,5,1.0,200,1.0,0.6349510729585254
0.1,0,6,5,1.0,400,0.7,0.6283313713209451
0.1,0,6,5,1.0,400,1.0,0.6242182867944589
0.1,0,6,20,0.5,100,0.7,0.6444681183563193
0.1,0,6,20,0.5,100,1.0,0.6427625983899153
0.1,0,6,20,0.5,200,0.7,0.6358051916802151
0.1,0,6,20,0.5,200,1.0,0.6377450910417154
0.1,0,6,20,0.5,400,0.7,0.6245892230979075
0.1,0,6,20,0.5,400,1.0,0.6316047543479306
0.1,0,6,20,1.0,100,0.7,0.6438030574350162
0.1,0,6,20,1.0,100,1.0,0.6548033955979681
0.1,0,6,20,1.0,200,0.7,0.638726969894927
0.1,0,6,20,1.0,200,1.0,0.6412644327510021
0.1,0,6,20,1.0,400,0.7,0.633143847997533
0.1,0,6,20,1.0,400,1.0,0.6288422231526956
0.1,0,10,0,0.5,100,0.7,0.6344441004316896
0.1,0,10,0,0.5,100,1.0,0.6472527635531039
0.1,0,10,0,0.5,200,0.7,0.6339111932259291
0.1,0,10,0,0.5,200,1.0,0.6403500545274483
0.1,0,10,0,0.5,400,0.7,0.6307821225141959
0.1,0,10,0,0.5,400,1.0,0.6449214281631813
0.1,0,10,0,1.0,100,0.7,0.6424470041164152
0.1,0,10,0,1.0,100,1.0,0.6319695527239849
0.1,0,10,0,1.0,200,0.7,0.6444145174668149
0.1,0,10,0,1.0,200,1.0,0.6398851068058419
0.1,0,10,0,1.0,400,0.7,0.6492021008344085
0.1,0,10,0,1.0,400,1.0,0.6363961551899698
0.1,0,10,5,0.5,100,0.7,0.6329608076665317
0.1,0,10,5,0.5,100,1.0,0.6303912722041377
0.1,0,10,5,0.5,200,0.7,0.6249745179960058
0.1,0,10,5,0.5,200,1.0,0.6196092819375172
0.1,0,10,5,0.5,400,0.7,0.6179645453608722
0.1,0,10,5,0.5,400,1.0,0.6304122862082172
0.1,0,10,5,1.0,100,0.7,0.6247959949099637
0.1,0,10,5,1.0,100,1.0,0.639771763896509
0.1,0,10,5,1.0,200,0.7,0.615791939508391
0.1,0,10,5,1.0,200,1.0,0.6253117642136298
0.1,0,10,5,1.0,400,0.7,0.6207176972638424
0.1,0,10,5,1.0,400,1.0,0.62388381668135
0.1,0,10,20,0.5,100,0.7,0.629129106642756
0.1,0,10,20,0.5,100,1.0,0.6354436282631719
0.1,0,10,20,0.5,200,0.7,0.625334457527684
0.1,0,10,20,0.5,200,1.0,0.614803463873289
0.1,0,10,20,0.5,400,0.7,0.6184339484969684
0.1,0,10,20,0.5,400,1.0,0.6130028975246562
0.1,0,10,20,1.0,100,0.7,0.64303241221421
0.1,0,10,20,1.0,100,1.0,0.6416442276617502
0.1,0,10,20,1.0,200,0.7,0.6436692830370384
0.1,0,10,20,1.0,200,1.0,0.6212644978038971
0.1,0,10,20,1.0,400,0.7,0.6275773401143383
0.1,0,10,20,1.0,400,1.0,0.6215187944085325
0.1,1,3,0,0.5,100,0.7,0.6484214351783634
0.1,1,3,0,0.5,100,1.0,0.6482539120670214
0.1,1,3,0,0.5,200,0.7,0.6422915745713837
0.1,1,3,0,0.5,200,1.0,0.6448893587597919
0.1,1,3,0,0.5,400,0.7,0.6368870343875712
0.1,1,3,0,0.5,400,1.0,0.6412450394293577
0.1,1,3,0,1.0,100,0.7,0.6485469334844761
0.1,1,3,0,1.0,100,1.0,0.648154983176948
0.1,1,3,0,1.0,200,0.7,0.6475562610573637
0.1,1,3,0,1.0,200,1.0,0.6456202377978486
0.1,1,3,0,1.0,400,0.7,0.6462764433147817
0.1,1,3,0,1.0,400,1.0,0.6464185556350939
0.1,1,3,5,0.5,100,0.7,0.6570500956590679
0.1,1,3,5,0.5,100,1.0,0.6512569019572075
0.1,1,3,5,0.5,200,0.7,0.6499505734261257
0.1,1,3,5,0.5,200,1.0,0.6426393000787426
0.1,1,3,5,0.5,400,0.7,0.6387971261710914
0.1,1,3,5,0.5,400,1.0,0.6356884901509328
0.1,1,3,5,1.0,100,0.7,0.6473959140404169
0.1,1,3,5,1.0,100,1.0,0.6490583060011917
0.1,1,3,5,1.0,200,0.7,0.6469824290438441
0.1,1,3,5,1.0,200,1.0,0.6439218971287693
0.1,1,3,5,1.0,400,0.7,0.6469382042436748
0.1,1,3,5,1.0,400,1.0,0.6426730487921067
0.1,1,3,20,0.5,100,0.7,0.6492633985032732
0.1,1,3,20,0.5,100,1.0,0.6532211153151972
0.1,1,3,20,0.5,200,0.7,0.6458695551000992
0.1,1,3,20,0.5,200,1.0,0.6431744627040529
0.1,1,3,20,0.5,400,0.7,0.6382448256436867
0.1,1,3,20,0.5,400,1.0,0.6329840184626215
0.1,1,3,20,1.0,100,0.7,0.6546093584951966
0.1,1,3,20,1.0,100,1.0,0.6541427314636153
0.1,1,3,20,1.0,200,0.7,0.6533262407602045
0.1,1,3,20,1.0,200,1.0,0.6468834415262311
0.1,1,3,20,1.0,400,0.7,0.6495663785254975
0.1,1,3,20,1.0,400,1.0,0.6491705489130546
0.1,1,6,0,0.5,100,0.7,0.6395705506993424
0.1,1,6,0,0.5,100,1.0,0.6329503315797267
0.1,1,6,0,0.5,200,0.7,0.6201831139510369
0.1,1,6,0,0.5,200,1.0,0.6276536343178969
0.1,1,6,0,0.5,400,0.7,0.6229931699388513
0.1,1,6,0,0.5,400,1.0,0.6165371739381675
0.1,1,6,0,1.0,100,0.7,0.6450850751725383
0.1,1,6,0,1.0,100,1.0,0.6483247094861597
0.1,1,6,0,1.0,200,0.7,0.6450850751725383
0.1,1,6,0,1.0,200,1.0,0.6480394434756048
0.1,1,6,0,1.0,400,0.7,0.6450850751725383
0.1,1,6,0,1.0,400,1.0,0.6480394434756048
0.1,1,6,5,0.5,100,0.7,0.6395196672868135
0.1,1,6,5,0.5,100,1.0,0.6388374716663459
0.1,1,6,5,0.5,200,0.7,0.6240142324593783
0.1,1,6,5,0.5,200,1.0,0.632104488949902
0.1,1,6,5,0.5,400,0.7,0.6186870864765944
0.1,1,6,5,0.5,400,1.0,0.6220284876152735
0.1,1,6,5,1.0,100,0.7,0.6328402854598741
0.1,1,6,5,1.0,100,1.0,0.6463566168232552
0.1,1,6,5,1.0,200,0.7,0.6326854970578168
0.1,1,6,5,1.0,200,1.0,0.6418332854621369
0.1,1,6,5,1.0,400,0.7,0.6326854970578168
0.1,1,6,5,1.0,400,1.0,0.6418332854621369
0.1,1,6,20,0.5,100,0.7,0.6538348339694755
0.1,1,6,20,0.5,100,1.0,0.6445394332574932
0.1,1,6,20,0.5,200,0.7,0.6415502194465221
0.1,1,6,20,0.5,200,1.0,0.6307682878074412
0.1,1,6,20,0.5,400,0.7,0.6281223995139489
0.1,1,6,20,0.5,400,1.0,0.6296488170818061
0.1,1,6,20,1.0,100,0.7,0.6437527533349922
0.1,1,6,20,1.0,100,1.0,0.6545950031034766
0.1,1,6,20,1.0,200,0.7,0.6391851971737047
0.1,1,6,20,1.0,200,1.0,0.6538005645711461
0.1,1,6,20,1.0,400,0.7,0.6391851971737047
0.1,1,6,20,1.0,400,1.0,0.6538005645711461
0.1,1,10,0,0.5,100,0.7,0.6295199601557437
0.1,1,10,0,0.5,100,1.0,0.6309534076753736
0.1,1,10,0,0.5,200,0.7,0.624608037107047
0.1,1,10,0,0.5,200,1.0,0.6222926777912796
0.1,1,10,0,0.5,400,0.7,0.628495018330302
0.1,1,10,0,0.5,400,1.0,0.6223966446112773
0.1,1,10,0,1.0,100,0.7,0.6411002682596096
0.1,1,10,0,1.0,100,1.0,0.6401271861832282
0.1,1,10,0,1.0,200,0.7,0.6411002682596096
0.1,1,10,0,1.0,200,1.0,0.6401271861832282
0.1,1,10,0,1.0,400,0.7,0.6411002682596096
0.1,1,10,0,1.0,400,1.0,0.6401271861832282
0.1,1,10,5,0.5,100,0.7,0.6266894108488151
0.1,1,10,5,0.5,100,1.0,0.6324853838581203
0.1,1,10,5,0.5,200,0.7,0.6186119508980453
0.1,1,10,5,0.5,200,1.0,0.632638554780672
0.1,1,10,5,0.5,400,0.7,0.626512511648138
0.1,1,10,5,0.5,400,1.0,0.6274291484941713
0.1,1,10,5,1.0,100,0.7,0.6409144486211636
0.1,1,10,5,1.0,100,1.0,0.6434978774178519
0.1,1,10,5,1.0,200,0.7,0.6409144486211636
0.1,1,10,5,1.0,200,1.0,0.6434978774178519
0.1,1,10,5,1.0,400,0.7,0.6409144486211636
0.1,1,10,5,1.0,400,1.0,0.6434978774178519
0.1,1,10,20,0.5,100,0.7,0.6417100457785038
0.1,1,10,20,0.5,100,1.0,0.6495923718319618
0.1,1,10,20,0.5,200,0.7,0.6225088875231402
0.1,1,10,20,0.5,200,1.0,0.6238672026671506
0.1,1,10,20,0.5,400,0.7,0.6182166419705676
0.1,1,10,20,0.5,400,1.0,0.6276464582235018
0.1,1,10,20,1.0,100,0.7,0.6446898248726002
0.1,1,10,20,1.0,100,1.0,0.6522239047337341
0.1,1,10,20,1.0,200,0.7,0.6446898248726002
0.1,1,10,20,1.0,200,1.0,0.6522239047337341
0.1,1,10,20,1.0,400,0.7,0.6446898248726002
0.1,1,10,20,1.0,400,1.0,0.6522239047337341
0.1,5,3,0,0.5,100,0.7,0.6505824649465693
0.1,5,3,0,0.5,100,1.0,0.654544640375913
0.1,5,3,0,0.5,200,0.7,0.6439578458370736
0.1,5,3,0,0.5,200,1.0,0.6420527919834779
0.1,5,3,0,0.5,400,0.7,0.6435205707319062
0.1,5,3,0,0.5,400,1.0,0.6303851342767434
0.1,5,3,0,1.0,100,0.7,0.6513719241765151
0.1,5,3,0,1.0,100,1.0,0.6537491018461125
0.1,5,3,0,1.0,200,0.7,0.6513719241765151
0.1,5,3,0,1.0,200,1.0,0.6537491018461125
0.1,5,3,0,1.0,400,0.7,0.6513719241765151
0.1,5,3,0,1.0,400,1.0,0.6537491018461125
0.1,5,3,5,0.5,100,0.7,0.6523686759034824
0.1,5,3,5,0.5,100,1.0,0.6505625509399598
0.1,5,3,5,0.5,200,0.7,0.6495995479263569
0.1,5,3,5,0.5,200,1.0,0.6433547237276093
0.1,5,3,5,0.5,400,0.7,0.6333654926833445
0.1,5,3,5,0.5,400,1.0,0.6361258238836396
0.1,5,3,5,1.0,100,0.7,0.651337075465681
0.1,5,3,5,1.0,100,1.0,0.655540871417915
0.1,5,3,5,1.0,200,0.7,0.651337075465681
0.1,5,3,5,1.0,200,1.0,0.655540871417915
0.1,5,3,5,1.0,400,0.7,0.651337075465681
0.1,5,3,5,1.0,400,1.0,0.655540871417915
0.1,5,3,20,0.5,100,0.7,0.6511800870686836
0.1,5,3,20,0.5,100,1.0,0.6508632723397046
0.1,5,3,20,0.5,200,0.7,0.6488985382967497
0.1,5,3,20,0.5,200,1.0,0.6472786918261693
0.1,5,3,20,0.5,400,0.7,0.6393770342815361
0.1,5,3,20,0.5,400,1.0,0.6395793474761727
0.1,5,3,20,1.0,100,0.7,0.6511800870686836
0.1,5,3,20,1.0,100,1.0,0.6524637841161804
0.1,5,3,20,1.0,200,0.7,0.6511800870686836
0.1,5,3,20,1.0,200,1.0,0.6524637841161804
0.1,5,3,20,1.0,400,0.7,0.6511800870686836
0.1,5,3,20,1.0,400,1.0,0.6524637841161804
0.1,5,6,0,0.5,100,0.7,0.6520298090034231
0.1,5,6,0,0.5,100,1.0,0.6375709093180137
0.1,5,6,0,0.5,200,0.7,0.638481470067122
0.1,5,6,0,0.5,200,1.0,0.6416066614739405
0.1,5,6,0,0.5,400,0.7,0.6343943756441703
0.1,5,6,0,0.5,400,1.0,0.6373393060274326
0.1,5,6,0,1.0,100,0.7,0.6568892279571558
0.1,5,6,0,1.0,100,1.0,0.6551295277887426
0.1,5,6,0,1.0,200,0.7,0.6568892279571558
0.1,5,6,0,1.0,200,1.0,0.6551295277887426
0.1,5,6,0,1.0,400,0.7,0.6568892279571558
0.1,5,6,0,1.0,400,1.0,0.6551295277887426
0.1,5,6,5,0.5,100,0.7,0.6441679176415398
0.1,5,6,5,0.5,100,1.0,0.6373586375186076
0.1,5,6,5,0.5,200,0.7,0.6462527118337267
0.1,5,6,5,0.5,200,1.0,0.634198659231424
0.1,5,6,5,0.5,400,0.7,0.638416810575378
0.1,5,6,5,0.5,400,1.0,0.6301093061859929
0.1,5,6,5,1.0,100,0.7,0.6555469507177698
0.1,5,6,5,1.0,100,1.0,0.6475534817499189
0.1,5,6,5,1.0,200,0.7,0.6555469507177698
0.1,5,6,5,1.0,200,1.0,0.6475534817499189
0.1,5,6,5,1.0,400,0.7,0.6555469507177698
0.1,5,6,5,1.0,400,1.0,0.6475534817499189
0.1,5,6,20,0.5,100,0.7,0.6439539665321588
0.1,5,6,20,0.5,100,1.0,0.6359936669651673
0.1,5,6,20,0.5,200,0.7,0.6447616604587393
0.1,5,6,20,0.5,200,1.0,0.6322460219577094
0.1,5,6,20,0.5,400,0.7,0.6347929227335888
0.1,5,6,20,0.5,400,1.0,0.633771280900557
0.1,5,6,20,1.0,100,0.7,0.6537214910601427
0.1,5,6,20,1.0,100,1.0,0.6551079930996979
0.1,5,6,20,1.0,200,0.7,0.6537214910601427
0.1,5,6,20,1.0,200,1.0,0.6551079930996979
0.1,5,6,20,1.0,400,0.7,0.6537214910601427
0.1,5,6,20,1.0,400,1.0,0.6551079930996979
0.1,5,10,0,0.5,100,0.7,0.6434077485075386
0.1,5,10,0,0.5,100,1.0,0.6366134649193004
0.1,5,10,0,0.5,200,0.7,0.636050629677551
0.1,5,10,0,0.5,200,1.0,0.6294265898805599
0.1,5,10,0,0.5,400,0.7,0.6344495972161099
0.1,5,10,0,0.5,400,1.0,0.6370413639351327
0.1,5,10,0,1.0,100,0.7,0.6579457217039514
0.1,5,10,0,1.0,100,1.0,0.6500318469320692
0.1,5,10,0,1.0,200,0.7,0.6579457217039514
0.1,5,10,0,1.0,200,1.0,0.6500318469320692
0.1,5,10,0,1.0,400,0.7,0.6579457217039514
0.1,5,10,0,1.0,400,1.0,0.6500318469320692
0.1,5,10,5,0.5,100,0.7,0.6495155569434379
0.1,5,10,5,0.5,100,1.0,0.6455555196785651
0.1,5,10,5,0.5,200,0.7,0.642027381192448
0.1,5,10,5,0.5,200,1.0,0.6384521181407081
0.1,5,10,5,0.5,400,0.7,0.6424585802006902
0.1,5,10,5,0.5,400,1.0,0.6373309681050982
0.1,5,10,5,1.0,100,0.7,0.6459104831107882
0.1,5,10,5,1.0,100,1.0,0.6499444941262709
0.1,5,10,5,1.0,200,0.7,0.6459104831107882
0.1,5,10,5,1.0,200,1.0,0.6499444941262709
0.1,5,10,5,1.0,400,0.7,0.6459104831107882
0.1,5,10,5,1.0,400,1.0,0.6499444941262709
0.1,5,10,20,0.5,100,0.7,0.6402848157231996
0.1,5,10,20,0.5,100,1.0,0.6472312288640591
0.1,5,10,20,0.5,200,0.7,0.6321542723649609
0.1,5,10,20,0.5,200,1.0,0.6432203700171267
0.1,5,10,20,0.5,400,0.7,0.6330896645925941
0.1,5,10,20,0.5,400,1.0,0.6401675967118816
0.1,5,10,20,1.0,100,0.7,0.6555779201236891
0.1,5,10,20,1.0,100,1.0,0.6598535516620622
0.1,5,10,20,1.0,200,0.7,0.6555779201236891
0.1,5,10,20,1.0,200,1.0,0.6598535516620622
0.1,5,10,20,1.0,400,0.7,0.6555779201236891
0.1,5,10,20,1.0,400,1.0,0.6598535516620622
0.2,0,3,0,0.5,100,0.7,0.6441469036374603
0.2,0,3,0,0.5,100,1.0,0.6440551540447117
0.2,0,3,0,0.5,200,0.7,0.630622875494719
0.2,0,3,0,0.5,200,1.0,0.6300866747024079
0.2,0,3,0,0.5,400,0.7,0.6120746227638785
0.2,0,3,0,0.5,400,1.0,0.6168285192485772
0.2,0,3,0,1.0,100,0.7,0.6480609749617199
0.2,0,3,0,1.0,100,1.0,0.6415983821791457
0.2,0,3,0,1.0,200,0.7,0.6330581158741699
0.2,0,3,0,1.0,200,1.0,0.6344689905377542
0.2,0,3,0,1.0,400,0.7,0.617852361076549
0.2,0,3,0,1.0,400,1.0,0.6300225358956292
0.2,0,3,5,0.5,100,0.7,0.6442762812484878
0.2,0,3,5,0.5,100,1.0,0.6395981614853122
0.2,0,3,5,0.5,200,0.7,0.6323759202537022
0.2,0,3,5,0.5,200,1.0,0.6253062674292094
0.2,0,3,5,0.5,400,0.7,0.629209283354159
0.2,0,3,5,0.5,400,1.0,0.614953855488396
0.2,0,3,5,1.0,100,0.7,0.6506134343524888
0.2,0,3,5,1.0,100,1.0,0.6448921380672368
0.2,0,3,5,1.0,200,0.7,0.6435177914244614
0.2,0,3,5,1.0,200,1.0,0.6347172078425348
0.2,0,3,5,1.0,400,0.7,0.6276547343153669
0.2,0,3,5,1.0,400,1.0,0.6274767319142901
0.2,0,3,20,0.5,100,0.7,0.6480709921940291
0.2,0,3,20,0.5,100,1.0,0.6421135721703071
0.2,0,3,20,0.5,200,0.7,0.6443459786701561
0.2,0,3,20,0.5,200,1.0,0.6353606754472536
0.2,0,3,20,0.5,400,0.7,0.619551801743098
0.2,0,3,20,0.5,400,1.0,0.6216122233112559
0.2,0,3,20,1.0,100,0.7,0.6482876607803855
0.2,0,3,20,1.0,100,1.0,0.64832800627564
0.2,0,3,20,1.0,200,0.7,0.6416348515724151
0.2,0,3,20,1.0,200,1.0,0.6443150092642368
0.2,0,3,20,1.0,400,0.7,0.6370971680225067
0.2,0,3,20,1.0,400,1.0,0.6348548647483572
0.2,0,6,0,0.5,100,0.7,0.6144580001913394
0.2,0,6,0,0.5,100,1.0,0.6164956698179035
0.2,0,6,0,0.5,200,0.7,0.594843998082377
0.2,0,6,0,0.5,200,1.0,0.5918739953045722
0.2,0,6,0,0.5,400,0.7,0.5990974569916611
0.2,0,6,0,0.5,400,1.0,0.607805649837865
0.2,0,6,0,1.0,100,0.7,0.6513022917882458
0.2,0,6,0,1.0,100,1.0,0.6296056922791068
0.2,0,6,0,1.0,200,0.7,0.6431949592260969
0.2,0,6,0,1.0,200,1.0,0.6299518003069601
0.2,0,6,0,1.0,400,0.7,0.6365122806096771
0.2,0,6,0,1.0,400,1.0,0.6237616769951868
0.2,0,6,5,0.5,100,0.7,0.6009969490274375
0.2,0,6,5,0.5,100,1.0,0.6255700019536493
0.2,0,6,5,0.5,200,0.7,0.6058746058807346
0.2,0,6,5,0.5,200,1.0,0.6122129794402144
0.2,0,6,5,0.5,400,0.7,0.6028251293649699
0.2,0,6,5,0.5,400,1.0,0.6154227443453865
0.2,0,6,5,1.0,100,0.7,0.6370883094152071
0.2,0,6,5,1.0,100,1.0,0.6311061165404996
0.2,0,6,5,1.0,200,0.7,0.6296714517683207
0.2,0,6,5,1.0,200,1.0,0.6302060969115956
0.2,0,6,5,1.0,400,0.7,0.6330244289912751
0.2,0,6,5,1.0,400,1.0,0.6235747605622006
0.2,0,6,20,0.5,100,0.7,0.622940145158922
0.2,0,6,20,0.5,100,1.0,0.6316489205205604
0.2,0,6,20,0.5,200,0.7,0.6107025347435827
0.2,0,6,20,0.5,200,1.0,0.6180756882752649
0.2,0,6,20,0.5,400,0.7,0.6079931487862857
0.2,0,6,20,0.5,400,1.0,0.6124694142093206
0.2,0,6,20,1.0,100,0.7,0.6389087897704494
0.2,0,6,20,1.0,100,1.0,0.6425857578167777
0.2,0,6,20,1.0,200,0.7,0.6235642812724658
0.2,0,6,20,1.0,200,1.0,0.6257402457448965
0.2,0,6,20,1.0,400,0.7,0.6115765674718819
0.2,0,6,20,1.0,400,1.0,0.6066132403256911
0.2,0,10,0,0.5,100,0.7,0.6191548135056456
0.2,0,10,0,0.5,100,1.0,0.621837750504912
0.2,0,10,0,0.5,200,0.7,0.6136783759052247
0.2,0,10,0,0.5,200,1.0,0.6252658601034857
0.2,0,10,0,0.5,400,0.7,0.6219349968820809
0.2,0,10,0,0.5,400,1.0,0.634363406238251
0.2,0,10,0,1.0,100,0.7,0.6374708836334001
0.2,0,10,0,1.0,100,1.0,0.6331305307728138
0.2,0,10,0,1.0,200,0.7,0.643181703831847
0.2,0,10,0,1.0,200,1.0,0.6351610829325223
0.2,0,10,0,1.0,400,0.7,0.6457949434094451
0.2,0,10,0,1.0,400,1.0,0.6364458799774891
0.2,0,10,5,0.5,100,0.7,0.6160357013986818
0.2,0,10,5,0.5,100,1.0,0.6044626898472198
0.2,0,10,5,0.5,200,0.7,0.6150594429908289
0.2,0,10,5,0.5,200,1.0,0.5952706148122612
0.2,0,10,5,0.5,400,0.7,0.6111873964717986
0.2,0,10,5,0.5,400,1.0,0.5881180091718502
0.2,0,10,5,1.0,100,0.7,0.6229688559423618
0.2,0,10,5,1.0,100,1.0,0.6311602999454385
0.2,0,10,5,1.0,200,0.7,0.6266325099669007
0.2,0,10,5,1.0,200,1.0,0.6189188102251844
0.2,0,10,5,1.0,400,0.7,0.6225006114312751
0.2,0,10,5,1.0,400,1.0,0.6259453968745174
0.2,0,10,20,0.5,100,0.7,0.6212760738881722
0.2,0,10,20,0.5,100,1.0,0.6179922766048508
0.2,0,10,20,0.5,200,0.7,0.6112376387413534
0.2,0,10,20,0.5,200,1.0,0.6032907150266207
0.2,0,10,20,0.5,400,0.7,0.6015773810257773
0.2,0,10,20,0.5,400,1.0,0.60473302115355
0.2,0,10,20,1.0,100,0.7,0.6256020713570386
0.2,0,10,20,1.0,100,1.0,0.6219499934167748
0.2,0,10,20,1.0,200,0.7,0.6235217357822712
0.2,0,10,20,1.0,200,1.0,0.6103470506263943
0.2,0,10,20,1.0,400,0.7,0.6262881462824211
0.2,0,10,20,1.0,400,1.0,0.6090478981897075
0.2,1,3,0,0.5,100,0.7,0.6454770254800664
0.2,1,3,0,0.5,100,1.0,0.6427703569997449
0.2,1,3,0,0.5,200,0.7,0.6277453839106455
0.2,1,3,0,0.5,200,1.0,0.6287051487623078
0.2,1,3,0,0.5,400,0.7,0.6242735669939381
0.2,1,3,0,0.5,400,1.0,0.6177230452959906
0.2,1,3,0,1.0,100,0.7,0.6475545817473889
0.2,1,3,0,1.0,100,1.0,0.6418836481897006
0.2,1,3,0,1.0,200,0.7,0.6418979449538809
0.2,1,3,0,1.0,200,1.0,0.6389707285822882
0.2,1,3,0,1.0,400,0.7,0.6418979449538809
0.2,1,3,0,1.0,400,1.0,0.6389707285822882
0.2,1,3,5,0.5,100,0.7,0.6447826744628187
0.2,1,3,5,0.5,100,1.0,0.6389010311606198
0.2,1,3,5,0.5,200,0.7,0.6318208436217824
0.2,1,3,5,0.5,200,1.0,0.6303592028007483
0.2,1,3,5,0.5,400,0.7,0.6260536432263863
0.2,1,3,5,0.5,400,1.0,0.6177705668856402
0.2,1,3,5,1.0,100,0.7,0.6456666625929578
0.2,1,3,5,1.0,100,1.0,0.6448921380672368
0.2,1,3,5,1.0,200,0.7,0.6435985442454396
0.2,1,3,5,1.0,200,1.0,0.6438838102559945
0.2,1,3,5,1.0,400,0.7,0.6435985442454396
0.2,1,3,5,1.0,400,1.0,0.6438838102559945
0.2,1,3,20,0.5,100,0.7,0.6480709921940291
0.2,1,3,20,0.5,100,1.0,0.6421135721703071
0.2,1,3,20,0.5,200,0.7,0.6443459786701561
0.2,1,3,20,0.5,200,1.0,0.6353606754472536
0.2,1,3,20,0.5,400,0.7,0.6212655978013671
0.2,1,3,20,0.5,400,1.0,0.6216122233112559
0.2,1,3,20,1.0,100,0.7,0.6482876607803855
0.2,1,3,20,1.0,100,1.0,0.64832800627564
0.2,1,3,20,1.0,200,0.7,0.6503066368558189
0.2,1,3,20,1.0,200,1.0,0.6433077196199952
0.2,1,3,20,1.0,400,0.7,0.6503066368558189
0.2,1,3,20,1.0,400,1.0,0.6433077196199952
0.2,1,6,0,0.5,100,0.7,0.6130206147392553
0.2,1,6,0,0.5,100,1.0,0.6124290068835969
0.2,1,6,0,0.5,200,0.7,0.5950832395247789
0.2,1,6,0,0.5,200,1.0,0.6093585813971516
0.2,1,6,0,0.5,400,0.7,0.5960821912466862
0.2,1,6,0,0.5,400,1.0,0.6100142662291196
0.2,1,6,0,1.0,100,0.7,0.6372547325290792
0.2,1,6,0,1.0,100,1.0,0.6349952977586947
0.2,1,6,0,1.0,200,0.7,0.6372547325290792
0.2,1,6,0,1.0,200,1.0,0.6349952977586947
0.2,1,6,0,1.0,400,0.7,0.6372547325290792
0.2,1,6,0,1.0,400,1.0,0.6349952977586947
0.2,1,6,5,0.5,100,0.7,0.6187191558799837
0.2,1,6,5,0.5,100,1.0,0.6178562403814637
0.2,1,6,5,0.5,200,0.7,0.6046124403193529
0.2,1,6,5,0.5,200,1.0,0.5962917391632574
0.2,1,6,5,0.5,400,0.7,0.6147852323795839
0.2,1,6,5,0.5,400,1.0,0.6093596781916919
0.2,1,6,5,1.0,100,0.7,0.6320419708255585
0.2,1,6,5,1.0,100,1.0,0.6328972481722578
0.2,1,6,5,1.0,200,0.7,0.6320419708255585
0.2,1,6,5,1.0,200,1.0,0.6328972481722578
0.2,1,6,5,1.0,400,0.7,0.6320419708255585
0.2,1,6,5,1.0,400,1.0,0.6328972481722578
0.2,1,6,20,0.5,100,0.7,0.626975318002344
0.2,1,6,20,0.5,100,1.0,0.6303000432963544
0.2,1,6,20,0.5,200,0.7,0.6184058202289631
0.2,1,6,20,0.5,200,1.0,0.6148913959915919
0.2,1,6,20,0.5,400,0.7,0.6014497413522641
0.2,1,6,20,0.5,400,1.0,0.6165631672446318
0.2,1,6,20,1.0,100,0.7,0.6366250410035755
0.2,1,6,20,1.0,100,1.0,0.6527966367497838
0.2,1,6,20,1.0,200,0.7,0.6366250410035755
0.2,1,6,20,1.0,200,1.0,0.6527966367497838
0.2,1,6,20,1.0,400,0.7,0.6366250410035755
0.2,1,6,20,1.0,400,1.0,0.6527966367497838
0.2,1,10,0,0.5,100,0.7,0.6245820470035124
0.2,1,10,0,0.5,100,1.0,0.6010952986050062
0.2,1,10,0,0.5,200,0.7,0.6202942600683594
0.2,1,10,0,0.5,200,1.0,0.6000692567820944
0.2,1,10,0,0.5,400,0.7,0.61390952034131
0.2,1,10,0,0.5,400,1.0,0.604305642822683
0.2,1,10,0,1.0,100,0.7,0.6402782189413093
0.2,1,10,0,1.0,100,1.0,0.6261426721392297
0.2,1,10,0,1.0,200,0.7,0.6402782189413093
0.2,1,10,0,1.0,200,1.0,0.6261426721392297
0.2,1,10,0,1.0,400,0.7,0.6402782189413093
0.2,1,10,0,1.0,400,1.0,0.6261426721392297
0.2,1,10,5,0.5,100,0.7,0.6013386602683405
0.2,1,10,5,0.5,100,1.0,0.605054235872409
0.2,1,10,5,0.5,200,0.7,0.5928415155631342
0.2,1,10,5,0.5,200,1.0,0.6075961573459036
0.2,1,10,5,0.5,400,0.7,0.591626936624801
0.2,1,10,5,0.5,400,1.0,0.6066198403105111
0.2,1,10,5,1.0,100,0.7,0.632311840074463
0.2,1,10,5,1.0,100,1.0,0.6212229318531638
0.2,1,10,5,1.0,200,0.7,0.632311840074463
0.2,1,10,5,1.0,200,1.0,0.6212229318531638
0.2,1,10,5,1.0,400,0.7,0.632311840074463
0.2,1,10,5,1.0,400,1.0,0.6212229318531638
0.2,1,10,20,0.5,100,0.7,0.6096942069323403
0.2,1,10,20,0.5,100,1.0,0.6202892775630449
0.2,1,10,20,0.5,200,0.7,0.5903288809826547
0.2,1,10,20,0.5,200,1.0,0.5992013619811896
0.2,1,10,20,0.5,400,0.7,0.5945962364291626
0.2,1,10,20,0.5,400,1.0,0.6047098103574602
0.2,1,10,20,1.0,100,0.7,0.6419123589731404
0.2,1,10,20,1.0,100,1.0,0.6330078085712161
0.2,1,10,20,1.0,200,0.7,0.6419123589731404
0.2,1,10,20,1.0,200,1.0,0.6330078085712161
0.2,1,10,20,1.0,400,0.7,0.6419123589731404
0.2,1,10,20,1.0,400,1.0,0.6330078085712161
0.2,5,3,0,0.5,100,0.7,0.6436604244297388
0.2,5,3,0,0.5,100,1.0,0.6478326716635486
0.2,5,3,0,0.5,200,0.7,0.63637074439894
0.2,5,3,0,0.5,200,1.0,0.6326015060748978
0.2,5,3,0,0.5,400,0.7,0.6308169744279597
0.2,5,3,0,0.5,400,1.0,0.6154724040995068
0.2,5,3,0,1.0,100,0.7,0.6518777380783413
0.2,5,3,0,1.0,100,1.0,0.6538917348513898
0.2,5,3,0,1.0,200,0.7,0.6518777380783413
0.2,5,3,0,1.0,200,1.0,0.6538917348513898
0.2,5,3,0,1.0,400,0.7,0.6518777380783413
0.2,5,3,0,1.0,400,1.0,0.6538917348513898
0.2,5,3,5,0.5,100,0.7,0.645868458305559
0.2,5,3,5,0.5,100,1.0,0.645338792464669
0.2,5,3,5,0.5,200,0.7,0.6333234678781153
0.2,5,3,5,0.5,200,1.0,0.6371347342103164
0.2,5,3,5,0.5,400,0.7,0.6233586094578796
0.2,5,3,5,0.5,400,1.0,0.6279813871911067
0.2,5,3,5,1.0,100,0.7,0.6501318726166828
0.2,5,3,5,1.0,100,1.0,0.6544462321708049
0.2,5,3,5,1.0,200,0.7,0.6501318726166828
0.2,5,3,5,1.0,200,1.0,0.6544462321708049
0.2,5,3,5,1.0,400,0.7,0.6501318726166828
0.2,5,3,5,1.0,400,1.0,0.6544462321708049
0.2,5,3,20,0.5,100,0.7,0.6458165335230996
0.2,5,3,20,0.5,100,1.0,0.6370827475973878
0.2,5,3,20,0.5,200,0.7,0.6444820148935432
0.2,5,3,20,0.5,200,1.0,0.6361451585777443
0.2,5,3,20,0.5,400,0.7,0.6283634407243345
0.2,5,3,20,0.5,400,1.0,0.615816770986916
0.2,5,3,20,1.0,100,0.7,0.6517959438874327
0.2,5,3,20,1.0,100,1.0,0.654097406665976
0.2,5,3,20,1.0,200,0.7,0.6517959438874327
0.2,5,3,20,1.0,200,1.0,0.654097406665976
0.2,5,3,20,1.0,400,0.7,0.6517959438874327
0.2,5,3,20,1.0,400,1.0,0.654097406665976
0.2,5,6,0,0.5,100,0.7,0.6260028770689366
0.2,5,6,0,0.5,100,1.0,0.6402312148336952
0.2,5,6,0,0.5,200,0.7,0.6211428788026991
0.2,5,6,0,0.5,200,1.0,0.6328757166861427
0.2,5,6,0,0.5,400,0.7,0.6155337635988407
0.2,5,6,0,0.5,400,1.0,0.625826495350295
0.2,5,6,0,1.0,100,0.7,0.6531199896331136
0.2,5,6,0,1.0,100,1.0,0.6568195923659567
0.2,5,6,0,1.0,200,0.7,0.6531199896331136
0.2,5,6,0,1.0,200,1.0,0.6568195923659567
0.2,5,6,0,1.0,400,0.7,0.6531199896331136
0.2,5,6,0,1.0,400,1.0,0.6568195923659567
0.2,5,6,5,0.5,100,0.7,0.6116368269737459
0.2,5,6,5,0.5,100,1.0,0.6277718946991453
0.2,5,6,5,0.5,200,0.7,0.6054256928608228
0.2,5,6,5,0.5,200,1.0,0.6315516709404618
0.2,5,6,5,0.5,400,0.7,0.6021380130696569
0.2,5,6,5,0.5,400,1.0,0.6202782221637351
0.2,5,6,5,1.0,100,0.7,0.6535290746398064
0.2,5,6,5,1.0,100,1.0,0.6524018453043416
0.2,5,6,5,1.0,200,0.7,0.6535290746398064
0.2,5,6,5,1.0,200,1.0,0.6524018453043416
0.2,5,6,5,1.0,400,0.7,0.6535290746398064
0.2,5,6,5,1.0,400,1.0,0.6524018453043416
0.2,5,6,20,0.5,100,0.7,0.6349770630620599
0.2,5,6,20,0.5,100,1.0,0.635991470173157
0.2,5,6,20,0.5,200,0.7,0.6155962230956448
0.2,5,6,20,0.5,200,1.0,0.6232325904668016
0.2,5,6,20,0.5,400,0.7,0.6091020815946464
0.2,5,6,20,0.5,400,1.0,0.6265611950657268
0.2,5,6,20,1.0,100,0.7,0.65248479812026
0.2,5,6,20,1.0,100,1.0,0.6568936865745754
0.2,5,6,20,1.0,200,0.7,0.65248479812026
0.2,5,6,20,1.0,200,1.0,0.6568936865745754
0.2,5,6,20,1.0,400,0.7,0.65248479812026
0.2,5,6,20,1.0,400,1.0,0.6568936865745754
0.2,5,10,0,0.5,100,0.7,0.6294509038770495
0.2,5,10,0,0.5,100,1.0,0.6153071364077146
0.2,5,10,0,0.5,200,0.7,0.623810881097741
0.2,5,10,0,0.5,200,1.0,0.6091788932802406
0.2,5,10,0,0.5,400,0.7,0.6172487214850491
0.2,5,10,0,0.5,400,1.0,0.613528622230162
0.2,5,10,0,1.0,100,0.7,0.6382525842535163
0.2,5,10,0,1.0,100,1.0,0.6443375821202822
0.2,5,10,0,1.0,200,0.7,0.6382525842535163
0.2,5,10,0,1.0,200,1.0,0.6443375821202822
0.2,5,10,0,1.0,400,0.7,0.6382525842535163
0.2,5,10,0,1.0,400,1.0,0.6443375821202822
0.2,5,10,5,0.5,100,0.7,0.6169280860786949
0.2,5,10,5,0.5,100,1.0,0.6211107475688405
0.2,5,10,5,0.5,200,0.7,0.6132621734316764
0.2,5,10,5,0.5,200,1.0,0.6176356924901923
0.2,5,10,5,0.5,400,0.7,0.6025697327628644
0.2,5,10,5,0.5,400,1.0,0.6157267007041423
0.2,5,10,5,1.0,100,0.7,0.6421313480124458
0.2,5,10,5,1.0,100,1.0,0.65108006138407
0.2,5,10,5,1.0,200,0.7,0.6421313480124458
0.2,5,10,5,1.0,200,1.0,0.65108006138407
0.2,5,10,5,1.0,400,0.7,0.6421313480124458
0.2,5,10,5,1.0,400,1.0,0.65108006138407
0.2,5,10,20,0.5,100,0.7,0.6385123808455018
0.2,5,10,20,0.5,100,1.0,0.6220368223346782
0.2,5,10,20,0.5,200,0.7,0.6283225159165752
0.2,5,10,20,0.5,200,1.0,0.6141478408717903
0.2,5,10,20,0.5,400,0.7,0.6255649640237249
0.2,5,10,20,0.5,400,1.0,0.6140024285590681
0.2,5,10,20,1.0,100,0.7,0.6473472892503676
0.2,5,10,20,1.0,100,1.0,0.642456318375281
0.2,5,10,20,1.0,200,0.7,0.6473472892503676
0.2,5,10,20,1.0,200,1.0,0.642456318375281
0.2,5,10,20,1.0,400,0.7,0.6473472892503676
0.2,5,10,20,1.0,400,1.0,0.642456318375281
